AUC,NSS,CC,KLDiv,SIM
0.48137996644265446,-0.0701393336057663,0.7553343772888184,0.5777037143707275,0.6785966753959656
