AUC,NSS,CC,KLDiv,SIM
0.8510725301277139,1.7399832010269165,0.8273957371711731,0.37103933095932007,0.7317204475402832
