AUC,NSS,CC,KLDiv,SIM
0.8510727987336197,1.739985704421997,0.8273962140083313,0.37103185057640076,0.7317206859588623
